{"cameraMode":{"drawMode":0,"name":"Shaded","section":"Shading Mode"},"sceneLighting":false,"audioPlay":false,"sceneViewState":{"showFog":true,"showMaterialUpdate":false,"showSkybox":true,"showFlares":true,"showImageEffects":true,"showParticleSystems":true},"in2DMode":false,"pivot":{"x":11.130861282348633,"y":10.460765838623047,"z":-35.37092590332031},"rotation":{"x":0.002902120118960738,"y":0.9968456029891968,"z":-0.04369998723268509,"w":0.06618762016296387},"size":263.8437194824219,"orthographic":false}